{"flutter":{"platforms":{"android":{"default":{"projectId":"myfirebasefirst-a6ed4","appId":"1:989372558032:android:7d7c6ddfefb18eb7b68cd5","fileOutput":"android/app/google-services.json"}},"dart":{"lib/firebase_options.dart":{"projectId":"myfirebasefirst-a6ed4","configurations":{"android":"1:989372558032:android:7d7c6ddfefb18eb7b68cd5","ios":"1:989372558032:ios:1fc5eca3df7b3711b68cd5","macos":"1:989372558032:ios:1fc5eca3df7b3711b68cd5","web":"1:989372558032:web:24610ea0a7d4debbb68cd5","windows":"1:989372558032:web:3b1598dd950604fbb68cd5"}}}}}}